id,first_name,last_name,email,gender,phone
1,Ardath,Bickford,abickford0@nytimes.com,Polygender,+52 640 642 5500
2,Otis,Whitebread,owhitebread1@istockphoto.com,Male,+976 187 788 1108
3,Suzi,Iredale,siredale2@vk.com,Polygender,+593 268 605 2193
4,Donica,Knevett,dknevett3@netscape.com,Genderqueer,+970 118 375 8260
5,Tim,Tather,ttather4@princeton.edu,Male,+1 139 543 5040
6,Flossi,Elvy,felvy5@ed.gov,Agender,+63 685 264 2226
7,Minni,Van de Velde,mvandevelde6@usatoday.com,Male,+48 637 610 1818
8,Chick,Bernardos,cbernardos7@narod.ru,Bigender,+54 619 182 6675
9,Jolyn,Fairnie,jfairnie8@sciencedaily.com,Genderqueer,+55 136 545 9363
10,Isidoro,Willets,iwillets9@slashdot.org,Polygender,+1 405 754 8202
11,Faulkner,Coombs,fcoombsa@canalblog.com,Female,+420 269 412 3221
12,Shelby,Potteridge,spotteridgeb@paypal.com,Agender,+351 453 544 1926
13,Hermann,Caso,hcasoc@reverbnation.com,Agender,+86 920 691 3518
14,Caralie,Jaher,cjaherd@mozilla.com,Genderfluid,+86 406 492 2495
15,Joanna,Vaun,jvaune@amazonaws.com,Female,+81 384 615 7744
16,Elaine,Dytham,edythamf@wix.com,Agender,+7 718 774 5889
17,Randa,Colbron,rcolbrong@nsw.gov.au,Genderqueer,+62 946 542 6335
18,Gail,Francioli,gfranciolih@bravesites.com,Non-binary,+62 404 158 5815
19,Ibbie,Kacheler,ikacheleri@cbsnews.com,Genderfluid,+55 172 605 6210
20,Vasili,Gebb,vgebbj@ezinearticles.com,Non-binary,+359 271 280 1716
21,Brockie,Gossop,bgossopk@youku.com,Genderfluid,+46 884 305 0223
22,Dorine,Sibbons,dsibbonsl@indiegogo.com,Bigender,+7 456 720 9787
23,Jaquith,Brenston,jbrenstonm@hexun.com,Agender,+351 839 310 6368
24,Charla,Doyle,cdoylen@yahoo.com,Non-binary,+98 985 660 4473
25,Brennan,Saltmarsh,bsaltmarsho@topsy.com,Female,+375 845 658 9073
26,Linoel,Bruford,lbrufordp@comcast.net,Polygender,+374 468 403 5276
27,Teddy,Renish,trenishq@hp.com,Genderqueer,+7 652 187 6282
28,Vania,Willeson,vwillesonr@google.ru,Genderfluid,+381 119 125 3223
29,Grove,Findlow,gfindlows@hhs.gov,Genderfluid,+216 144 728 5800
30,Urbanus,Danell,udanellt@harvard.edu,Genderfluid,+94 309 661 0125
31,Hanan,Critoph,hcritophu@auda.org.au,Non-binary,+61 756 842 9989
32,Sky,McCosker,smccoskerv@bandcamp.com,Non-binary,+261 167 580 6016
33,Nanette,Brimblecomb,nbrimblecombw@independent.co.uk,Bigender,+62 488 338 8381
34,Charisse,Laurant,claurantx@themeforest.net,Bigender,+33 302 576 3815
35,Roshelle,Whitcombe,rwhitcombey@flickr.com,Bigender,+63 298 804 0115
36,Lucias,Kilshall,lkilshallz@vinaora.com,Male,+505 599 393 5782
37,Inez,Bister,ibister10@usda.gov,Genderfluid,+375 634 425 1890
38,Dion,Leuty,dleuty11@parallels.com,Polygender,+86 692 991 5930
39,Chrissy,Flux,cflux12@dailymotion.com,Male,+55 590 340 5773
40,Leicester,Grealey,lgrealey13@goo.gl,Bigender,+51 750 834 4794
41,Wilbur,Gennings,wgennings14@canalblog.com,Genderfluid,+86 280 974 7853
42,Gare,Navarre,gnavarre15@netvibes.com,Non-binary,+63 538 769 4853
43,Ami,Djorevic,adjorevic16@addthis.com,Polygender,+86 221 898 8185
44,Ware,Cassy,wcassy17@msn.com,Male,+66 188 713 6122
45,Marcille,Kerner,mkerner18@addtoany.com,Polygender,+380 149 882 1389
46,Vicki,Jocic,vjocic19@webnode.com,Genderqueer,+370 444 688 1139
47,Margaux,Hatz,mhatz1a@guardian.co.uk,Polygender,+1 608 359 9231
48,Bria,Habbert,bhabbert1b@histats.com,Agender,+86 450 445 1519
49,Madeleine,McGowing,mmcgowing1c@kickstarter.com,Female,+82 148 900 7226
50,Niall,Gavagan,ngavagan1d@sfgate.com,Bigender,+86 912 614 8183
51,Caspar,Filipczynski,cfilipczynski1e@foxnews.com,Bigender,+86 855 883 5235
52,Ted,McCaskill,tmccaskill1f@wired.com,Polygender,+86 872 249 2900
53,Darelle,Klaaassen,dklaaassen1g@rambler.ru,Male,+994 479 120 8907
54,Lexy,Braley,lbraley1h@squidoo.com,Agender,+86 169 415 2081
55,Jennica,Scrivner,jscrivner1i@1688.com,Polygender,+86 516 722 2001
56,Cherry,Whitmell,cwhitmell1j@technorati.com,Male,+62 150 413 9635
57,Shoshana,McArt,smcart1k@google.ca,Female,+380 655 655 7530
58,Llywellyn,Bolletti,lbolletti1l@netscape.com,Polygender,+385 214 329 6746
59,Dom,Holdren,dholdren1m@whitehouse.gov,Genderfluid,+48 449 246 0492
60,Betsey,Baston,bbaston1n@instagram.com,Bigender,+33 594 240 0787
61,Aretha,Skerman,askerman1o@yelp.com,Non-binary,+63 170 430 7037
62,Nickola,Sydall,nsydall1p@bloglines.com,Agender,+66 547 428 9969
63,Ariana,Luckwell,aluckwell1q@gravatar.com,Agender,+54 100 422 0045
64,Leland,Lipgens,llipgens1r@etsy.com,Agender,+420 219 748 4468
65,Sonia,Kearey,skearey1s@nhs.uk,Bigender,+972 850 878 0927
66,Brynne,Bails,bbails1t@joomla.org,Agender,+55 858 486 9568
67,Trista,Waller,twaller1u@sun.com,Non-binary,+691 307 405 8337
68,Luz,Gallo,lgallo1v@census.gov,Bigender,+30 970 311 3182
69,Nollie,Bum,nbum1w@reference.com,Genderqueer,+86 977 506 7198
70,Janek,McAlarney,jmcalarney1x@sun.com,Non-binary,+506 988 404 9183
71,Morna,Jewett,mjewett1y@shareasale.com,Agender,+66 410 293 7580
72,Lowrance,Kerner,lkerner1z@sphinn.com,Polygender,+850 274 223 1415
73,Terrance,Lorinez,tlorinez20@rediff.com,Polygender,+66 513 925 8167
74,Frankie,Dury,fdury21@mail.ru,Non-binary,+1 785 649 1068
75,Demetria,Budnk,dbudnk22@google.it,Agender,+86 858 479 4998
76,Hodge,Igoe,higoe23@scribd.com,Agender,+86 179 694 1432
77,Erny,Catchpole,ecatchpole24@independent.co.uk,Male,+62 499 303 2043
78,Filberto,Pieper,fpieper25@blog.com,Non-binary,+86 921 515 9840
79,Chrissie,Spick,cspick26@bbb.org,Polygender,+66 871 372 0242
80,Lynelle,Gallacher,lgallacher27@columbia.edu,Bigender,+62 738 356 6327
81,Rhys,Shilvock,rshilvock28@bluehost.com,Female,+252 615 855 4897
82,Timmi,Longmead,tlongmead29@simplemachines.org,Male,+389 871 513 8945
83,Anastasie,Simmans,asimmans2a@paginegialle.it,Agender,+51 792 372 8916
84,Clayborn,Goodby,cgoodby2b@ifeng.com,Agender,+55 222 570 3975
85,Noah,De Malchar,ndemalchar2c@taobao.com,Non-binary,+63 876 953 4545
86,Marthe,Bourget,mbourget2d@cargocollective.com,Non-binary,+351 196 192 9532
87,Barr,Janca,bjanca2e@cpanel.net,Female,+33 845 374 3986
88,Tully,Philcott,tphilcott2f@google.ru,Agender,+1 661 340 9078
89,Ambrosi,Jeffels,ajeffels2g@goo.gl,Agender,+351 374 338 3467
90,Francoise,Annes,fannes2h@reuters.com,Genderfluid,+86 316 790 1945
91,Ken,Geraudel,kgeraudel2i@cyberchimps.com,Genderqueer,+970 951 442 7138
92,Hugues,Hillum,hhillum2j@livejournal.com,Genderqueer,+62 691 548 8265
93,Raffaello,Heartfield,rheartfield2k@aol.com,Agender,+57 406 933 7701
94,Tildy,Lavers,tlavers2l@un.org,Non-binary,+591 274 131 7428
95,Marcellina,Romaines,mromaines2m@ovh.net,Non-binary,+63 540 222 8648
96,Aviva,Hance,ahance2n@squarespace.com,Male,+81 542 761 4241
97,Jackie,Betonia,jbetonia2o@yellowpages.com,Non-binary,+593 103 549 9839
98,Val,McGrah,vmcgrah2p@dell.com,Bigender,+502 943 173 5570
99,Joice,Rohlfing,jrohlfing2q@nasa.gov,Non-binary,+84 423 112 5976
100,Linell,Simonaitis,lsimonaitis2r@example.com,Female,+1 212 503 7363
101,Lynna,Sansam,lsansam2s@telegraph.co.uk,Non-binary,+57 513 459 4752
102,Noreen,Huonic,nhuonic2t@fc2.com,Male,+503 284 986 4931
103,Basilio,Holtham,bholtham2u@goo.gl,Female,+84 384 401 7934
104,Zared,Bolingbroke,zbolingbroke2v@macromedia.com,Male,+1 281 349 5133
105,Elli,Lafferty,elafferty2w@ow.ly,Bigender,+998 439 372 6749
106,Shawna,Tarn,starn2x@cargocollective.com,Genderfluid,+86 453 813 5103
107,Petronia,Brandt,pbrandt2y@telegraph.co.uk,Female,+81 308 530 9425
108,Waverly,Bortolazzi,wbortolazzi2z@twitter.com,Agender,+46 326 217 2794
109,Garald,Bortolotti,gbortolotti30@ca.gov,Non-binary,+30 923 643 3467
110,Dominic,Corre,dcorre31@symantec.com,Non-binary,+374 285 659 6712
111,Durante,Boustead,dboustead32@ft.com,Genderqueer,+58 405 159 8945
112,Win,McKim,wmckim33@vkontakte.ru,Female,+52 391 178 6956
113,Abagail,Hasson,ahasson34@soundcloud.com,Non-binary,+1 865 822 1460
114,Halley,Cianelli,hcianelli35@salon.com,Genderqueer,+1 900 605 5674
115,Nannette,Ventris,nventris36@sohu.com,Bigender,+63 599 530 5410
116,Elfreda,Lilie,elilie37@admin.ch,Non-binary,+48 891 935 6690
117,Hildegarde,Eisikowitz,heisikowitz38@jugem.jp,Male,+359 818 561 5192
118,Norbert,Cranham,ncranham39@elegantthemes.com,Bigender,+94 473 888 9686
119,Pierrette,Scullion,pscullion3a@thetimes.co.uk,Non-binary,+244 351 885 3593
120,Abra,Champ,achamp3b@omniture.com,Agender,+48 929 379 6991
121,Bridget,Regi,bregi3c@webnode.com,Genderfluid,+86 764 418 0222
122,Jolyn,Glavis,jglavis3d@bigcartel.com,Non-binary,+7 679 453 7167
123,Yasmeen,Pasek,ypasek3e@comsenz.com,Agender,+54 277 452 4991
124,Tammie,Gladbeck,tgladbeck3f@acquirethisname.com,Genderfluid,+298 140 480 2661
125,Jennilee,Mechan,jmechan3g@wordpress.com,Genderqueer,+1 128 279 2882
126,Lauritz,Swinglehurst,lswinglehurst3h@usgs.gov,Bigender,+63 638 489 2957
127,Ella,Blakeman,eblakeman3i@blog.com,Polygender,+504 772 897 3913
128,Miles,Suttaby,msuttaby3j@ycombinator.com,Bigender,+7 737 577 9423
129,Ignace,Cubbinelli,icubbinelli3k@cbsnews.com,Agender,+86 501 369 3788
130,Lewes,Bedingfield,lbedingfield3l@walmart.com,Genderfluid,+86 133 501 8347
131,Roby,Guiu,rguiu3m@fotki.com,Genderfluid,+86 156 865 6205
132,Martelle,Paolone,mpaolone3n@trellian.com,Bigender,+7 857 686 2979
133,Issie,Fontelles,ifontelles3o@wired.com,Female,+7 414 271 5739
134,Karon,Pybworth,kpybworth3p@fotki.com,Female,+225 885 356 2965
135,Jeremiah,Alastair,jalastair3q@ox.ac.uk,Polygender,+48 926 201 0287
136,Braden,Willis,bwillis3r@noaa.gov,Agender,+52 569 251 9849
137,Lanette,Petett,lpetett3s@g.co,Genderqueer,+62 294 981 4473
138,Lydie,Greatorex,lgreatorex3t@delicious.com,Agender,+223 305 476 6850
139,Leontyne,Van der Brugge,lvanderbrugge3u@google.fr,Non-binary,+212 565 204 2255
140,Luz,Romaine,lromaine3v@ed.gov,Polygender,+63 370 175 8494
141,Donn,Juszkiewicz,djuszkiewicz3w@businesswire.com,Male,+57 648 455 0529
142,Harriette,Heine,hheine3x@archive.org,Bigender,+998 397 149 3369
143,Prudy,Darnbrook,pdarnbrook3y@csmonitor.com,Female,+62 720 386 2484
144,Breanne,Balam,bbalam3z@netvibes.com,Female,+86 166 136 5389
145,Theresina,Bridgeland,tbridgeland40@miitbeian.gov.cn,Non-binary,+62 831 360 4614
146,Teresita,Reach,treach41@hugedomains.com,Genderqueer,+237 234 801 8956
147,Ewart,Treat,etreat42@microsoft.com,Agender,+1 313 377 0406
148,Jerrilyn,Musson,jmusson43@bing.com,Genderqueer,+86 118 819 1490
149,Stace,Finkle,sfinkle44@cbslocal.com,Non-binary,+86 938 692 2698
150,Elbertine,Swynfen,eswynfen45@disqus.com,Bigender,+380 805 387 6764
151,Leicester,Lorryman,llorryman46@yolasite.com,Genderfluid,+371 281 145 9181
152,Feodora,Tice,ftice47@tuttocitta.it,Genderfluid,+7 771 128 5412
153,Caritta,Marnane,cmarnane48@barnesandnoble.com,Polygender,+51 350 920 1487
154,Lanita,Naerup,lnaerup49@live.com,Genderfluid,+86 696 168 4927
155,Levey,Willcot,lwillcot4a@dmoz.org,Male,+27 500 832 8104
156,Perle,Toland,ptoland4b@sohu.com,Agender,+506 190 118 5221
157,Arnuad,Fairburne,afairburne4c@deviantart.com,Bigender,+62 997 809 6091
158,Rollo,Larmuth,rlarmuth4d@dmoz.org,Non-binary,+48 420 591 2956
159,Sherry,Wollers,swollers4e@mashable.com,Male,+63 534 626 4031
160,Elayne,Attwill,eattwill4f@chronoengine.com,Non-binary,+86 182 708 5047
161,Culver,Spooner,cspooner4g@phoca.cz,Genderqueer,+1 916 892 0693
162,Gracia,Chesswas,gchesswas4h@histats.com,Genderfluid,+54 231 258 7152
163,Alexandro,Simcock,asimcock4i@irs.gov,Polygender,+86 467 954 6696
164,Rees,Perrone,rperrone4j@baidu.com,Female,+86 789 939 5366
165,Marleen,Baldin,mbaldin4k@census.gov,Bigender,+63 753 760 3407
166,Worthy,Buckles,wbuckles4l@opera.com,Genderfluid,+52 328 856 4265
167,Gunilla,Racine,gracine4m@xinhuanet.com,Non-binary,+86 490 440 5033
168,Dene,Bizzey,dbizzey4n@utexas.edu,Genderfluid,+53 672 398 7443
169,Joane,Capper,jcapper4o@weibo.com,Bigender,+62 181 459 1683
170,George,Saxelby,gsaxelby4p@simplemachines.org,Male,+54 148 835 7560
171,Malory,McRitchie,mmcritchie4q@moonfruit.com,Genderfluid,+505 248 493 0807
172,Xylia,Kirsch,xkirsch4r@tamu.edu,Genderfluid,+237 942 236 5228
173,Ange,Nibley,anibley4s@opensource.org,Bigender,+1 588 617 9758
174,Petey,De Marchi,pdemarchi4t@icq.com,Bigender,+55 588 532 7703
175,Garvy,Lornsen,glornsen4u@google.com,Genderqueer,+46 562 423 5408
176,Fianna,Tatters,ftatters4v@comsenz.com,Female,+62 920 944 2056
177,Erastus,Pendrid,ependrid4w@ovh.net,Non-binary,+1 713 743 1037
178,George,Blakey,gblakey4x@dot.gov,Genderfluid,+48 178 827 1453
179,Fianna,Bantick,fbantick4y@ibm.com,Genderfluid,+98 454 634 7196
180,Stefan,Farmiloe,sfarmiloe4z@ebay.co.uk,Agender,+63 205 700 3992
181,Gayle,Spinello,gspinello50@shutterfly.com,Polygender,+62 510 563 8766
182,Hakeem,Burrells,hburrells51@slashdot.org,Non-binary,+48 583 653 4232
183,Rivalee,Fenna,rfenna52@admin.ch,Polygender,+880 458 640 0751
184,Jilli,MacDwyer,jmacdwyer53@tripod.com,Female,+7 765 571 4165
185,Constanta,Bartels-Ellis,cbartelsellis54@washingtonpost.com,Polygender,+241 955 756 8014
186,Taber,Trever,ttrever55@blinklist.com,Polygender,+86 936 982 3207
187,Pincas,Stutard,pstutard56@yellowbook.com,Male,+351 746 880 7798
188,Phebe,Dradey,pdradey57@google.de,Male,+7 744 150 0791
189,Konrad,Cloutt,kcloutt58@over-blog.com,Agender,+55 716 727 4329
190,Malissia,Seggie,mseggie59@auda.org.au,Polygender,+380 955 838 7971
191,Betteanne,Attridge,battridge5a@paypal.com,Genderqueer,+86 912 711 9290
192,Sloan,Bottrell,sbottrell5b@timesonline.co.uk,Female,+260 318 507 5589
193,Nessie,Makepeace,nmakepeace5c@com.com,Female,+86 963 871 6798
194,Martyn,Reek,mreek5d@ovh.net,Polygender,+48 323 510 8141
195,Hugues,Marti,hmarti5e@forbes.com,Agender,+7 220 478 0991
196,Kermy,Branston,kbranston5f@aboutads.info,Female,+592 137 266 7661
197,Constantia,Swinley,cswinley5g@stanford.edu,Female,+351 781 811 5934
198,Scot,Schroter,sschroter5h@dmoz.org,Non-binary,+57 475 841 9548
199,Guthry,Clover,gclover5i@cafepress.com,Polygender,+30 284 216 9935
200,Pearce,Wooddisse,pwooddisse5j@foxnews.com,Non-binary,+55 134 830 3933
201,Aguste,Jakes,ajakes5k@rakuten.co.jp,Genderfluid,+267 857 491 4764
202,Hilly,Treharne,htreharne5l@ihg.com,Agender,+507 289 989 1130
203,Reilly,Goggins,rgoggins5m@adobe.com,Genderqueer,+254 381 699 0361
204,Derron,Flann,dflann5n@rediff.com,Genderqueer,+46 687 502 4071
205,Zachery,Cristol,zcristol5o@apache.org,Female,+7 371 839 7659
206,Matthaeus,Rosbrough,mrosbrough5p@wikispaces.com,Genderqueer,+62 674 695 6162
207,Sarine,Simonard,ssimonard5q@stanford.edu,Non-binary,+62 224 374 6849
208,Ammamaria,Wilcot,awilcot5r@weebly.com,Non-binary,+49 218 953 8309
209,Kassey,Scroyton,kscroyton5s@csmonitor.com,Genderqueer,+7 967 607 3562
210,Stesha,Bellhanger,sbellhanger5t@fema.gov,Non-binary,+86 468 649 2453
211,Teddy,Sannes,tsannes5u@angelfire.com,Genderqueer,+212 495 524 6271
212,Beckie,Brownsell,bbrownsell5v@xinhuanet.com,Genderqueer,+86 524 596 9644
213,Madlin,O'Cosgra,mocosgra5w@alibaba.com,Bigender,+63 659 599 5247
214,Analiese,Gaylord,agaylord5x@is.gd,Male,+234 790 933 9379
215,Stacee,Tourry,stourry5y@liveinternet.ru,Agender,+7 860 332 2324
216,Nonna,Guinery,nguinery5z@amazon.co.uk,Bigender,+62 940 423 9542
217,Abner,Sarsons,asarsons60@ocn.ne.jp,Non-binary,+62 121 163 2344
218,Freeman,Mewrcik,fmewrcik61@baidu.com,Female,+223 446 750 7235
219,Joya,Ruggiero,jruggiero62@hubpages.com,Female,+86 726 729 1353
220,Silas,Skippings,sskippings63@newyorker.com,Polygender,+351 421 429 1005
221,Marna,Furney,mfurney64@istockphoto.com,Non-binary,+33 579 792 6824
222,Tam,Tidbold,ttidbold65@thetimes.co.uk,Bigender,+254 471 696 8417
223,Desmund,Halse,dhalse66@theatlantic.com,Genderqueer,+62 116 873 1890
224,Elmore,Kruse,ekruse67@zdnet.com,Male,+970 127 508 3345
225,Carlos,Ibbison,cibbison68@amazon.co.jp,Genderfluid,+86 475 449 5302
226,Verena,Tyres,vtyres69@google.co.uk,Female,+7 232 413 6920
227,Terri-jo,Clayal,tclayal6a@pinterest.com,Female,+420 370 155 2682
228,Erwin,Dunridge,edunridge6b@wordpress.com,Male,+86 399 941 9197
229,Janek,Danilov,jdanilov6c@exblog.jp,Non-binary,+675 522 650 1543
230,Frasco,Harbert,fharbert6d@printfriendly.com,Bigender,+27 577 680 6758
231,Griffin,Burbury,gburbury6e@myspace.com,Female,+7 876 911 1926
232,Jolee,Gull,jgull6f@hud.gov,Male,+54 354 839 8753
233,Bobby,Padilla,bpadilla6g@foxnews.com,Bigender,+358 160 724 2694
234,Malynda,Sumpner,msumpner6h@spiegel.de,Non-binary,+380 753 158 1384
235,Sue,Sooley,ssooley6i@hibu.com,Genderqueer,+880 939 416 9304
236,Clarey,Angove,cangove6j@usgs.gov,Female,+81 726 211 7951
237,Tabina,Norkett,tnorkett6k@bloomberg.com,Male,+55 964 795 2166
238,Bennett,Risley,brisley6l@google.com.hk,Agender,+86 618 548 8053
239,Alphonse,Shard,ashard6m@yahoo.co.jp,Polygender,+31 720 761 7218
240,Carrie,Skule,cskule6n@about.com,Genderqueer,+51 295 862 2652
241,Elvira,Collis,ecollis6o@mtv.com,Agender,+218 609 902 5099
242,Jaquelin,Baraja,jbaraja6p@ovh.net,Bigender,+86 900 515 0203
243,Eugine,Burgett,eburgett6q@businesswire.com,Agender,+976 675 940 9747
244,Eve,Henriques,ehenriques6r@biglobe.ne.jp,Genderqueer,+420 943 816 9673
245,Haven,Brimson,hbrimson6s@patch.com,Agender,+261 451 867 1546
246,Emilie,Charle,echarle6t@technorati.com,Non-binary,+62 718 309 1729
247,Emmy,Bottoner,ebottoner6u@nbcnews.com,Non-binary,+86 810 729 6807
248,Egor,Maiklem,emaiklem6v@qq.com,Male,+63 327 654 0606
249,Virginia,Friman,vfriman6w@symantec.com,Genderfluid,+64 637 365 7110
250,Aldin,Bedburrow,abedburrow6x@biblegateway.com,Male,+98 250 147 3921
251,Sumner,Huerta,shuerta6y@dailymotion.com,Agender,+92 910 886 0570
252,Roseline,Soaper,rsoaper6z@who.int,Bigender,+63 881 342 6873
253,Julian,Spedding,jspedding70@vkontakte.ru,Genderfluid,+86 876 815 7577
254,Jonell,Dearing,jdearing71@independent.co.uk,Female,+46 140 580 1228
255,Roselle,Zaple,rzaple72@chicagotribune.com,Female,+86 462 682 4590
256,Trudi,Evequot,tevequot73@nih.gov,Agender,+7 312 130 4430
257,Xavier,Jann,xjann74@walmart.com,Female,+62 609 814 0289
258,Tony,Raoul,traoul75@techcrunch.com,Polygender,+86 681 561 9791
259,Morgen,Butrimovich,mbutrimovich76@wix.com,Genderfluid,+251 306 913 8895
260,Christyna,Bernardeau,cbernardeau77@reverbnation.com,Agender,+46 916 708 2026
261,Giffy,Blaksley,gblaksley78@berkeley.edu,Genderfluid,+62 539 788 7572
262,Arvie,Smithin,asmithin79@bluehost.com,Male,+7 591 438 6484
263,Warren,Cridlan,wcridlan7a@ibm.com,Genderfluid,+86 881 877 3779
264,Chandal,Madsen,cmadsen7b@cbslocal.com,Agender,+33 732 686 3346
265,Teddy,Rajchert,trajchert7c@dyndns.org,Non-binary,+62 766 725 1772
266,Allianora,Liebmann,aliebmann7d@istockphoto.com,Bigender,+420 720 573 7338
267,Robena,Hymor,rhymor7e@spotify.com,Genderqueer,+351 639 768 9193
268,Bathsheba,Kirkup,bkirkup7f@wordpress.com,Male,+46 439 467 8207
269,Pascale,Faldo,pfaldo7g@dell.com,Female,+63 654 418 3803
270,Roderich,Troy,rtroy7h@skyrock.com,Bigender,+380 761 712 9701
271,Henka,Branca,hbranca7i@scribd.com,Polygender,+62 653 657 3723
272,Wolf,Cantopher,wcantopher7j@loc.gov,Polygender,+994 853 436 7287
273,Edgar,McDowell,emcdowell7k@cpanel.net,Bigender,+62 405 888 1138
274,Damon,Emmanuele,demmanuele7l@networksolutions.com,Female,+351 291 479 9887
275,Waldo,Rainville,wrainville7m@sciencedirect.com,Agender,+591 129 651 5398
276,Koren,Hartright,khartright7n@cnbc.com,Agender,+244 792 340 9155
277,Cathy,Radden,cradden7o@tamu.edu,Bigender,+53 130 586 0123
278,Adriana,Sarchwell,asarchwell7p@squarespace.com,Agender,+55 571 898 4503
279,Kaitlin,Akhurst,kakhurst7q@auda.org.au,Non-binary,+359 759 695 4140
280,Lynn,Filippello,lfilippello7r@nps.gov,Non-binary,+86 744 808 6303
281,Aime,Rallin,arallin7s@technorati.com,Polygender,+54 136 892 5799
282,Burke,Gulc,bgulc7t@so-net.ne.jp,Polygender,+49 346 325 0025
283,Simona,Ishak,sishak7u@exblog.jp,Male,+351 336 815 0416
284,Kevina,Mainland,kmainland7v@sohu.com,Agender,+55 702 606 5248
285,Alard,McBride,amcbride7w@i2i.jp,Polygender,+62 464 470 8765
286,Emmery,Roon,eroon7x@quantcast.com,Bigender,+269 761 561 4515
287,Walton,Waplinton,wwaplinton7y@state.gov,Agender,+63 250 786 4926
288,Vin,Gypps,vgypps7z@admin.ch,Male,+374 750 367 8424
289,Harris,Grimster,hgrimster80@umich.edu,Genderfluid,+351 766 341 1541
290,Obidiah,Van Der Vlies,ovandervlies81@1und1.de,Genderqueer,+86 813 410 7201
291,Alexa,Baldack,abaldack82@rakuten.co.jp,Female,+976 624 221 1408
292,Patrice,Ivanenkov,pivanenkov83@goo.ne.jp,Polygender,+880 637 119 0876
293,Addison,Brandreth,abrandreth84@who.int,Genderfluid,+62 519 174 1547
294,Winthrop,Orwin,worwin85@slate.com,Genderqueer,+34 202 474 0742
295,Yuma,Pavic,ypavic86@imageshack.us,Male,+234 850 883 4249
296,Leonanie,Johannes,ljohannes87@de.vu,Male,+62 678 103 0587
297,Berton,Allerton,ballerton88@flickr.com,Agender,+86 561 100 9058
298,Jerri,Kienle,jkienle89@unesco.org,Agender,+86 627 962 7678
299,Nahum,Osbaldstone,nosbaldstone8a@desdev.cn,Male,+375 670 955 4474
300,Saleem,Chipchase,schipchase8b@weebly.com,Non-binary,+86 475 448 1614
301,Broderic,Allerton,ballerton8c@mediafire.com,Genderfluid,+380 418 426 7241
302,Brooke,Gypps,bgypps8d@sciencedirect.com,Agender,+86 976 280 4108
303,Drona,Wyke,dwyke8e@diigo.com,Genderqueer,+970 505 285 1184
304,Gerda,Edgcombe,gedgcombe8f@omniture.com,Agender,+86 558 747 7097
305,Zondra,Cressey,zcressey8g@java.com,Agender,+351 321 123 9537
306,Bryn,Balmadier,bbalmadier8h@cnn.com,Non-binary,+33 759 315 0065
307,Timothee,Janatka,tjanatka8i@ucoz.ru,Agender,+63 704 417 4457
308,Sharline,Wordsworth,swordsworth8j@cafepress.com,Agender,+63 421 726 6618
309,Guy,Harnwell,gharnwell8k@bloomberg.com,Genderqueer,+86 440 483 8274
310,Benedetto,Reardon,breardon8l@huffingtonpost.com,Female,+33 834 121 6024
311,Ryley,Turnbull,rturnbull8m@yahoo.com,Male,+48 650 601 9568
312,Mar,Whyke,mwhyke8n@gizmodo.com,Polygender,+255 182 201 7052
313,Stanley,Lempel,slempel8o@eepurl.com,Polygender,+58 128 729 9596
314,Craig,Rickardes,crickardes8p@comcast.net,Bigender,+63 955 102 1110
315,Calv,Shellum,cshellum8q@google.it,Polygender,+62 260 142 0364
316,Fremont,Libbey,flibbey8r@msu.edu,Bigender,+63 871 943 5613
317,Lucius,Arnull,larnull8s@ameblo.jp,Male,+7 249 791 5437
318,Eugene,Mateos,emateos8t@lycos.com,Non-binary,+86 617 657 6981
319,Fionnula,Hitzschke,fhitzschke8u@unesco.org,Female,+48 646 813 8216
320,Faulkner,Bagshawe,fbagshawe8v@ning.com,Genderqueer,+234 623 555 0018
321,Godart,Turbill,gturbill8w@pen.io,Agender,+855 833 635 2623
322,Randi,Eddleston,reddleston8x@japanpost.jp,Genderqueer,+51 634 930 5228
323,Bobbe,Owlner,bowlner8y@behance.net,Genderqueer,+55 622 433 2672
324,Kym,Bridden,kbridden8z@gizmodo.com,Female,+7 351 167 6604
325,Marissa,Mayler,mmayler90@nyu.edu,Agender,+7 326 961 3032
326,Meredithe,Howe,mhowe91@fastcompany.com,Genderfluid,+1 952 902 4881
327,Andeee,Vosper,avosper92@arizona.edu,Female,+92 289 669 2953
328,Glyn,Dominey,gdominey93@nature.com,Bigender,+84 484 224 4484
329,Gretal,Boyde,gboyde94@t-online.de,Genderfluid,+60 611 216 9790
330,Patin,Roebottom,proebottom95@nhs.uk,Non-binary,+33 588 845 5021
331,Barde,Dorkens,bdorkens96@buzzfeed.com,Genderfluid,+27 929 942 5665
332,Vida,Draisey,vdraisey97@imageshack.us,Agender,+62 520 693 7336
333,Kale,Ickowicz,kickowicz98@freewebs.com,Non-binary,+81 732 730 5372
334,Burlie,Domange,bdomange99@acquirethisname.com,Female,+62 588 755 2353
335,Madelina,Meadows,mmeadows9a@microsoft.com,Female,+420 214 229 0918
336,Shaine,Lissimore,slissimore9b@devhub.com,Non-binary,+374 756 399 3158
337,Cariotta,Abbott,cabbott9c@livejournal.com,Polygender,+62 720 239 2064
338,Elias,Wroath,ewroath9d@reverbnation.com,Polygender,+63 297 753 0633
339,Mendie,Top,mtop9e@ning.com,Agender,+685 674 223 6844
340,Dulciana,Zima,dzima9f@ebay.co.uk,Genderfluid,+370 368 981 7158
341,Layne,Kingswell,lkingswell9g@un.org,Bigender,+351 440 321 9363
342,Piggy,Caltera,pcaltera9h@spiegel.de,Genderqueer,+46 552 496 6669
343,Allix,Doll,adoll9i@cdc.gov,Polygender,+7 544 347 7910
344,Marybelle,Sealy,msealy9j@tiny.cc,Agender,+374 533 404 1274
345,Marie,Ramsey,mramsey9k@comcast.net,Genderqueer,+46 980 119 7031
346,Skippy,Dyhouse,sdyhouse9l@narod.ru,Male,+63 685 629 4013
347,Rosalyn,Couve,rcouve9m@jimdo.com,Agender,+234 414 271 8963
348,Cosmo,Swigger,cswigger9n@nsw.gov.au,Bigender,+994 471 305 1173
349,Georgy,Carnegy,gcarnegy9o@newyorker.com,Agender,+55 799 352 7281
350,Mayor,Haucke,mhaucke9p@statcounter.com,Bigender,+55 405 690 2767
351,Pam,Wayland,pwayland9q@constantcontact.com,Polygender,+98 605 773 8277
352,Winifred,Wiffler,wwiffler9r@bbc.co.uk,Agender,+86 234 507 2292
353,Fanchon,McEvilly,fmcevilly9s@yellowbook.com,Polygender,+62 714 930 3798
354,Bettina,Henkmann,bhenkmann9t@state.gov,Agender,+352 344 142 5727
355,Pete,Cochrane,pcochrane9u@huffingtonpost.com,Agender,+86 440 331 3242
356,Nowell,Oliva,noliva9v@mapy.cz,Male,+62 944 962 5308
357,Trenton,Strete,tstrete9w@php.net,Female,+54 168 458 0886
358,Ninette,Clougher,nclougher9x@ycombinator.com,Polygender,+359 829 842 1645
359,Carolina,Papez,cpapez9y@wikia.com,Polygender,+54 309 617 2322
360,Ruby,Bouzan,rbouzan9z@g.co,Genderqueer,+63 862 371 9126
361,Corby,Parradye,cparradyea0@nbcnews.com,Agender,+86 324 856 5869
362,Meredeth,Gutsell,mgutsella1@pinterest.com,Female,+86 264 822 1938
363,Alexine,McConnal,amcconnala2@hao123.com,Polygender,+84 922 281 6303
364,Brian,Merioth,bmeriotha3@domainmarket.com,Female,+63 577 821 6724
365,Erinn,Tumulty,etumultya4@instagram.com,Bigender,+423 111 944 8515
366,Lauren,Hymers,lhymersa5@technorati.com,Female,+48 604 315 0356
367,Parker,Reschke,preschkea6@a8.net,Agender,+81 341 202 1771
368,Mohammed,Vasyukhin,mvasyukhina7@adobe.com,Polygender,+62 780 243 8163
369,Carmina,Marjot,cmarjota8@cornell.edu,Bigender,+962 758 133 1678
370,Celka,Galea,cgaleaa9@rediff.com,Genderqueer,+36 170 457 2574
371,Rockey,Wilden,rwildenaa@buzzfeed.com,Bigender,+850 616 158 4091
372,Elwood,Ivankovic,eivankovicab@slideshare.net,Agender,+86 288 289 3304
373,Sunny,Woodger,swoodgerac@phoca.cz,Genderfluid,+86 120 636 8489
374,Abbie,Pues,apuesad@sciencedirect.com,Genderfluid,+963 847 843 1695
375,Margot,Dilston,mdilstonae@about.me,Genderfluid,+351 492 238 8914
376,Barnabe,Inseal,binsealaf@senate.gov,Genderfluid,+51 819 213 4188
377,Hyacinth,Taborre,htaborreag@discovery.com,Bigender,+30 158 630 7816
378,Brittne,Sergison,bsergisonah@about.me,Genderfluid,+507 674 947 2111
379,Perry,Byres,pbyresai@pinterest.com,Genderqueer,+506 102 957 5604
380,Marven,Bowller,mbowlleraj@liveinternet.ru,Non-binary,+86 163 490 4854
381,Boote,Wannan,bwannanak@wikipedia.org,Non-binary,+62 308 218 1010
382,Roseanne,Conochie,rconochieal@sbwire.com,Non-binary,+55 702 387 2026
383,Launce,Capener,lcapeneram@yahoo.com,Genderqueer,+33 306 697 2014
384,Almeta,Prestney,aprestneyan@drupal.org,Bigender,+62 639 111 1211
385,Zelma,Petley,zpetleyao@msu.edu,Genderqueer,+86 732 474 7231
386,Kary,Connor,kconnorap@guardian.co.uk,Non-binary,+56 273 390 4122
387,Constantine,Harler,charleraq@huffingtonpost.com,Male,+224 614 480 0777
388,Delaney,Renforth,drenforthar@digg.com,Genderfluid,+7 918 478 7684
389,Joey,Pleasance,jpleasanceas@xrea.com,Polygender,+242 719 760 4014
390,Ellis,Dyment,edymentat@printfriendly.com,Female,+965 220 360 6696
391,Shaylyn,Themann,sthemannau@youku.com,Agender,+380 910 429 3784
392,Lanae,Thrower,lthrowerav@twitter.com,Bigender,+507 501 217 4079
393,Kristos,Ballsdon,kballsdonaw@tmall.com,Genderqueer,+30 142 289 7901
394,Dawn,De Laci,ddelaciax@google.ca,Polygender,+420 615 527 6280
395,Alwin,Scranney,ascranneyay@wiley.com,Non-binary,+381 317 277 0489
396,Brita,Guinness,bguinnessaz@nydailynews.com,Genderqueer,+62 309 776 7229
397,Janel,Melia,jmeliab0@nyu.edu,Agender,+57 319 535 7784
398,Marshal,Van der Baaren,mvanderbaarenb1@tamu.edu,Non-binary,+54 329 198 5017
399,Alena,Headrick,aheadrickb2@ow.ly,Agender,+86 165 917 0845
400,Filberto,Kenyam,fkenyamb3@quantcast.com,Bigender,+359 848 920 6744
401,Gabriel,Chesters,gchestersb4@twitpic.com,Genderfluid,+266 725 703 6165
402,Joy,McQuarrie,jmcquarrieb5@clickbank.net,Agender,+504 909 244 0327
403,Noe,Snelling,nsnellingb6@creativecommons.org,Agender,+60 302 219 7086
404,Kari,McEneny,kmcenenyb7@ebay.com,Bigender,+86 602 673 5356
405,Tobias,Goodliff,tgoodliffb8@hc360.com,Agender,+86 395 119 6798
406,Robin,McTrustram,rmctrustramb9@sbwire.com,Agender,+48 165 800 1265
407,Tab,Easbie,teasbieba@forbes.com,Bigender,+385 579 318 7415
408,Nonah,Bacher,nbacherbb@a8.net,Genderfluid,+216 552 673 9612
409,Annalise,Skin,askinbc@ameblo.jp,Male,+27 117 600 9811
410,Paten,Kohter,pkohterbd@blogtalkradio.com,Male,+1 414 112 6559
411,Gloria,Cheeseman,gcheesemanbe@bravesites.com,Polygender,+86 369 835 7294
412,Michal,Goosnell,mgoosnellbf@myspace.com,Male,+63 130 331 8357
413,Enrique,McVane,emcvanebg@bluehost.com,Bigender,+381 444 504 1776
414,Becki,Ewles,bewlesbh@sun.com,Male,+86 484 395 3542
415,Riane,Espine,respinebi@gmpg.org,Male,+62 616 484 2001
416,Burr,Bonanno,bbonannobj@moonfruit.com,Agender,+86 360 795 9812
417,Myrle,Trammel,mtrammelbk@parallels.com,Bigender,+263 248 338 2745
418,Judi,Lancett,jlancettbl@cargocollective.com,Genderfluid,+420 201 819 8342
419,Hester,Drogan,hdroganbm@oracle.com,Polygender,+95 817 835 7486
420,Dredi,Ransley,dransleybn@amazon.co.uk,Male,+92 443 162 8729
421,Abdul,Murcott,amurcottbo@twitpic.com,Genderqueer,+61 968 262 8961
422,Rozelle,Suttie,rsuttiebp@msu.edu,Agender,+54 944 661 4190
423,Sigismondo,Timson,stimsonbq@netlog.com,Bigender,+351 214 716 6461
424,Bernadina,Last,blastbr@usatoday.com,Genderfluid,+86 208 420 3479
425,Olympia,Langeren,olangerenbs@surveymonkey.com,Polygender,+52 239 144 2972
426,Vassili,Ceeley,vceeleybt@answers.com,Polygender,+31 115 397 9809
427,Baxy,Bleakley,bbleakleybu@huffingtonpost.com,Polygender,+55 509 521 2396
428,Bridgette,Oury,bourybv@msu.edu,Genderfluid,+55 306 777 1686
429,Richart,Gallally,rgallallybw@networkadvertising.org,Genderqueer,+62 469 765 2453
430,Susanetta,Noel,snoelbx@over-blog.com,Male,+86 577 831 5832
431,Marlon,Darnbrook,mdarnbrookby@odnoklassniki.ru,Non-binary,+86 430 484 2899
432,Neall,Martyns,nmartynsbz@goo.gl,Female,+7 942 396 7276
433,Dore,Breakwell,dbreakwellc0@feedburner.com,Male,+63 255 898 6513
434,Flint,Goodanew,fgoodanewc1@cam.ac.uk,Female,+33 864 960 2292
435,Corny,Whitnall,cwhitnallc2@jimdo.com,Agender,+86 276 629 4772
436,Kayley,Petley,kpetleyc3@usatoday.com,Female,+62 285 819 5977
437,Erek,Hilary,ehilaryc4@illinois.edu,Genderqueer,+86 745 349 8262
438,Claudine,Gallyhaock,cgallyhaockc5@ucla.edu,Polygender,+7 956 854 6335
439,Estrellita,Maxsted,emaxstedc6@jalbum.net,Genderfluid,+48 316 872 7756
440,Gustavus,Deathridge,gdeathridgec7@telegraph.co.uk,Genderfluid,+46 745 389 5510
441,Karita,Greenslade,kgreensladec8@oaic.gov.au,Agender,+57 731 194 9502
442,Ginni,Schistl,gschistlc9@usgs.gov,Non-binary,+373 801 983 2862
443,Alfi,Begwell,abegwellca@latimes.com,Bigender,+33 304 762 8714
444,Correy,Gilfillan,cgilfillancb@qq.com,Genderfluid,+86 729 284 3884
445,Darryl,Barwack,dbarwackcc@privacy.gov.au,Non-binary,+81 960 187 2392
446,Haze,Wartonby,hwartonbycd@mediafire.com,Bigender,+86 505 502 2628
447,Cedric,Boultwood,cboultwoodce@fotki.com,Non-binary,+84 834 250 7455
448,Vivianna,Klass,vklasscf@wikia.com,Polygender,+55 201 419 9107
449,Dudley,Brawn,dbrawncg@flickr.com,Non-binary,+86 425 118 6281
450,Lothario,Gaynor,lgaynorch@lycos.com,Polygender,+33 195 735 9899
451,Lonni,Minichillo,lminichilloci@ning.com,Agender,+54 811 939 3631
452,Randal,Coat,rcoatcj@loc.gov,Genderqueer,+62 193 680 8111
453,Ardath,Brasher,abrasherck@dailymotion.com,Bigender,+39 439 929 5338
454,Karine,Iggalden,kiggaldencl@360.cn,Genderfluid,+55 653 802 3526
455,Loraine,Chance,lchancecm@sina.com.cn,Bigender,+242 241 474 7975
456,Jethro,Allbon,jallboncn@columbia.edu,Agender,+225 174 678 4900
457,Angelica,Haskey,ahaskeyco@wisc.edu,Genderfluid,+66 635 257 1120
458,Fayette,Mosten,fmostencp@youtu.be,Non-binary,+86 170 515 7838
459,Kristin,Alfonsetto,kalfonsettocq@toplist.cz,Genderfluid,+46 667 320 8002
460,Nobe,Smithson,nsmithsoncr@tinyurl.com,Female,+55 551 937 0031
461,Ari,Fibbings,afibbingscs@mysql.com,Male,+48 586 187 7286
462,Herold,Ashbee,hashbeect@google.fr,Non-binary,+54 698 816 3941
463,Dominique,Tofanelli,dtofanellicu@discuz.net,Bigender,+62 461 451 5446
464,Clovis,Lamburne,clamburnecv@miitbeian.gov.cn,Agender,+63 665 266 1187
465,Umeko,Stellman,ustellmancw@walmart.com,Genderqueer,+62 501 856 2780
466,Odey,Hannibal,ohannibalcx@nba.com,Polygender,+86 752 335 8540
467,Aura,Collyear,acollyearcy@yellowbook.com,Bigender,+46 731 491 1750
468,Aubrette,Blowing,ablowingcz@so-net.ne.jp,Male,+52 597 643 1873
469,Lotty,Cubberley,lcubberleyd0@hc360.com,Non-binary,+86 486 681 4630
470,Ragnar,Kirsche,rkirsched1@wix.com,Female,+223 304 870 3779
471,Ira,Covil,icovild2@skyrock.com,Female,+351 160 621 1841
472,Wrennie,Samber,wsamberd3@canalblog.com,Female,+60 418 694 0708
473,Jania,Batterton,jbattertond4@google.ru,Genderfluid,+62 232 731 8296
474,Fawn,Mogridge,fmogridged5@dmoz.org,Agender,+370 205 865 7271
475,Lind,Wiltsher,lwiltsherd6@51.la,Genderfluid,+62 656 775 3552
476,Lurleen,Cordell,lcordelld7@uiuc.edu,Genderfluid,+86 691 336 0262
477,Anatola,Delacote,adelacoted8@theatlantic.com,Male,+86 556 826 5356
478,Thane,Eversfield,teversfieldd9@google.com.hk,Genderfluid,+48 342 849 8969
479,Katherina,Gambrell,kgambrellda@apache.org,Genderqueer,+420 386 633 9362
480,Rosanna,Fazackerley,rfazackerleydb@g.co,Male,+55 726 202 7937
481,Merola,Shephard,mshepharddc@mozilla.org,Agender,+998 277 495 5630
482,Sela,Vanlint,svanlintdd@creativecommons.org,Agender,+234 393 121 1716
483,Johnathon,Cissell,jcissellde@youtube.com,Genderfluid,+234 902 852 0571
484,Lanny,Tregunna,ltregunnadf@woothemes.com,Genderqueer,+62 656 702 8499
485,Orly,Ivanenkov,oivanenkovdg@about.me,Bigender,+86 771 424 7438
486,Claudie,Casine,ccasinedh@4shared.com,Female,+86 619 697 9159
487,Morena,Ilyukhov,milyukhovdi@rambler.ru,Male,+86 605 256 5026
488,Vittoria,Stapels,vstapelsdj@constantcontact.com,Male,+54 850 802 3058
489,Alverta,Iskowitz,aiskowitzdk@ucla.edu,Male,+234 519 284 0286
490,Laure,Gutch,lgutchdl@newyorker.com,Male,+225 168 732 1280
491,Siusan,Demsey,sdemseydm@psu.edu,Genderfluid,+352 435 585 7510
492,Claudelle,Fivey,cfiveydn@webs.com,Genderqueer,+30 431 404 9487
493,Dex,West-Frimley,dwestfrimleydo@marriott.com,Bigender,+86 733 275 6855
494,Jinny,Frediani,jfredianidp@theatlantic.com,Polygender,+55 316 662 3222
495,Hermina,Fermor,hfermordq@godaddy.com,Bigender,+62 915 768 8769
496,Janette,Pedron,jpedrondr@w3.org,Genderqueer,+86 991 682 6090
497,Mariana,Gunthorpe,mgunthorpeds@plala.or.jp,Non-binary,+33 829 329 2898
498,Lela,Hupe,lhupedt@nyu.edu,Genderqueer,+58 898 694 4885
499,Si,Fice,sficedu@thetimes.co.uk,Genderfluid,+54 422 144 9906
500,Lorenzo,Gatley,lgatleydv@shutterfly.com,Bigender,+63 274 823 6891
501,Sylas,Swindell,sswindelldw@blinklist.com,Polygender,+34 237 385 2470
502,Inesita,De Beneditti,idebenedittidx@newsvine.com,Bigender,+63 552 568 9143
503,Ezechiel,Borrell,eborrelldy@sphinn.com,Male,+86 510 639 5927
504,Elsworth,O'Hannigan,eohannigandz@wufoo.com,Genderfluid,+248 806 483 8696
505,Elizabet,Hoodless,ehoodlesse0@canalblog.com,Genderqueer,+86 419 962 4684
506,Quintina,Antczak,qantczake1@google.pl,Male,+63 767 440 4753
507,Henderson,Bratchell,hbratchelle2@youtu.be,Female,+86 651 567 9821
508,Grantley,Jekel,gjekele3@zimbio.com,Agender,+48 180 353 7666
509,Melitta,Perschke,mperschkee4@squidoo.com,Bigender,+966 773 507 6887
510,Haley,Hoyle,hhoylee5@wikipedia.org,Agender,+81 541 531 0543
511,Estele,Beagley,ebeagleye6@hostgator.com,Female,+63 914 274 4299
512,Ninnette,Dand,ndande7@yandex.ru,Male,+420 731 655 1255
513,Petronille,Cavanagh,pcavanaghe8@amazon.co.jp,Female,+55 174 969 7140
514,Gram,Cuckson,gcucksone9@google.com.au,Female,+234 206 518 9716
515,Angelo,Hallam,ahallamea@va.gov,Female,+86 891 750 4487
516,Ediva,Johnke,ejohnkeeb@networksolutions.com,Female,+86 261 967 9210
517,Shawnee,De Witt,sdewittec@meetup.com,Non-binary,+1 585 155 3822
518,Indira,Edess,iedessed@samsung.com,Non-binary,+62 838 959 8024
519,Lavena,Le Monnier,llemonnieree@fc2.com,Polygender,+1 579 803 2465
520,Alyson,Mancktelow,amancktelowef@netscape.com,Bigender,+62 515 195 4495
521,Bobbie,Burgiss,bburgisseg@icq.com,Agender,+63 974 405 3635
522,Zacharia,Calyton,zcalytoneh@wordpress.com,Genderfluid,+84 301 718 0347
523,Gearard,Birchner,gbirchnerei@wikimedia.org,Female,+967 852 466 3285
524,Robin,Thirsk,rthirskej@123-reg.co.uk,Genderfluid,+86 298 679 2004
525,Geoff,Brugden,gbrugdenek@google.com.hk,Female,+62 315 254 4532
526,Gregoor,Sollas,gsollasel@patch.com,Genderfluid,+62 598 896 2007
527,Kaiser,Jasiak,kjasiakem@devhub.com,Female,+46 815 847 8378
528,Augustin,Breznovic,abreznovicen@hhs.gov,Genderfluid,+967 757 629 1631
529,Giorgio,Newart,gnewarteo@goo.gl,Agender,+387 372 586 5136
530,Genia,Brignall,gbrignallep@reference.com,Male,+81 223 869 3346
531,Mylo,Baude,mbaudeeq@webs.com,Polygender,+33 829 203 3059
532,Burton,Matus,bmatuser@goo.gl,Genderqueer,+1 246 467 3295
533,Yulma,Louedey,ylouedeyes@scientificamerican.com,Genderqueer,+353 744 827 8708
534,Zahara,Littler,zlittleret@etsy.com,Female,+66 260 750 1799
535,Walliw,Coxon,wcoxoneu@howstuffworks.com,Bigender,+66 215 493 7102
536,Albie,Boord,aboordev@usgs.gov,Non-binary,+86 977 178 5124
537,Arlene,Bridgen,abridgenew@soup.io,Polygender,+51 716 679 5458
538,Kiersten,Fairlam,kfairlamex@oakley.com,Genderqueer,+86 350 801 8936
539,Fern,Steers,fsteersey@va.gov,Genderqueer,+7 840 690 7224
540,Sampson,Wehner,swehnerez@zdnet.com,Agender,+63 647 351 8072
541,Marni,Folk,mfolkf0@typepad.com,Male,+62 601 613 4692
542,Wain,Fernier,wfernierf1@gizmodo.com,Agender,+7 155 300 1105
543,Cordy,Charlewood,ccharlewoodf2@bbb.org,Bigender,+48 761 723 4828
544,Fionnula,Brugsma,fbrugsmaf3@mac.com,Polygender,+377 270 476 4046
545,Inglis,Keward,ikewardf4@google.ru,Male,+86 978 923 1485
546,Rowney,McOmish,rmcomishf5@1und1.de,Agender,+86 995 899 4131
547,Shelba,Tomaino,stomainof6@ted.com,Genderfluid,+84 190 260 9261
548,Sanford,Slorance,sslorancef7@51.la,Male,+86 898 643 7540
549,Percy,Gaber,pgaberf8@jigsy.com,Genderqueer,+1 202 886 7717
550,Dun,Griffitt,dgriffittf9@jugem.jp,Bigender,+48 819 627 4239
551,Rivi,Rymill,rrymillfa@indiegogo.com,Agender,+86 765 692 8769
552,Lydie,Dreger,ldregerfb@census.gov,Genderfluid,+62 771 604 3287
553,Pinchas,Maypole,pmaypolefc@istockphoto.com,Female,+505 409 233 6942
554,Vina,Ligerton,vligertonfd@microsoft.com,Bigender,+352 871 295 1913
555,Hashim,Tremberth,htremberthfe@disqus.com,Female,+242 802 758 2742
556,Galvan,Cozins,gcozinsff@oakley.com,Non-binary,+502 256 206 9038
557,Venita,Portsmouth,vportsmouthfg@sitemeter.com,Genderfluid,+55 120 137 6484
558,Ariella,Burness,aburnessfh@drupal.org,Agender,+256 199 839 4188
559,Suzanna,Leverich,sleverichfi@oakley.com,Male,+63 838 629 1208
560,Raeann,Emmott,remmottfj@tripod.com,Non-binary,+33 178 253 6470
561,Barb,Clayhill,bclayhillfk@biglobe.ne.jp,Agender,+62 295 774 9749
562,Mandy,Hawick,mhawickfl@photobucket.com,Bigender,+62 764 692 4510
563,Osbert,Bourgeois,obourgeoisfm@msu.edu,Female,+54 304 214 1019
564,Melloney,Poundesford,mpoundesfordfn@mlb.com,Genderqueer,+36 870 519 4223
565,Bride,Doorbar,bdoorbarfo@twitpic.com,Female,+62 226 301 8174
566,Emmet,Kelberer,ekelbererfp@huffingtonpost.com,Genderfluid,+82 530 679 3323
567,Duff,McKeighen,dmckeighenfq@vimeo.com,Genderfluid,+62 106 512 6936
568,Emlynne,Paladino,epaladinofr@infoseek.co.jp,Genderfluid,+970 313 837 2286
569,Willem,Cunney,wcunneyfs@4shared.com,Genderqueer,+62 515 670 4278
570,Emlen,Calliss,ecallissft@geocities.com,Male,+1 408 875 2131
571,Benedikta,Durling,bdurlingfu@facebook.com,Bigender,+82 941 274 1830
572,Max,Tremouille,mtremouillefv@umich.edu,Male,+86 431 862 8696
573,Aldon,Slany,aslanyfw@delicious.com,Polygender,+92 230 911 5456
574,Lavinia,Tibalt,ltibaltfx@meetup.com,Female,+86 434 756 3796
575,Graham,Boycott,gboycottfy@free.fr,Male,+1 210 955 4526
576,Cher,Garshore,cgarshorefz@unesco.org,Non-binary,+212 880 982 0788
577,Tito,Surcomb,tsurcombg0@jiathis.com,Female,+20 152 608 2302
578,Donnell,Lambricht,dlambrichtg1@wired.com,Non-binary,+220 224 126 4904
579,Caitlin,Cornner,ccornnerg2@ted.com,Bigender,+63 926 708 2482
580,Brennen,Dimic,bdimicg3@quantcast.com,Bigender,+351 351 699 0208
581,Stephen,MacMenamin,smacmenaming4@gnu.org,Non-binary,+86 273 141 3176
582,Brook,Bruneau,bbruneaug5@rakuten.co.jp,Bigender,+389 473 927 7033
583,Cherida,Bestall,cbestallg6@nasa.gov,Agender,+52 869 595 4931
584,Rosamund,Leidl,rleidlg7@nydailynews.com,Polygender,+55 288 715 9276
585,Catharina,Doveston,cdovestong8@cnbc.com,Polygender,+226 188 205 7979
586,Janessa,Fort,jfortg9@umich.edu,Agender,+62 234 298 6927
587,Loreen,Fanning,lfanningga@cnn.com,Genderqueer,+81 532 673 5992
588,Brockie,Reglar,breglargb@psu.edu,Agender,+62 658 298 7645
589,Ashley,Ricciardiello,aricciardiellogc@dailymotion.com,Male,+49 147 308 7397
590,Farrand,Danaher,fdanahergd@cocolog-nifty.com,Female,+51 951 694 1653
591,Jobina,Jury,jjuryge@deliciousdays.com,Female,+86 341 915 4021
592,Alexandre,Jakeman,ajakemangf@cpanel.net,Bigender,+86 801 673 0800
593,Jarret,Melbourne,jmelbournegg@wikia.com,Male,+7 612 451 1250
594,Diane,Fransinelli,dfransinelligh@smugmug.com,Bigender,+86 376 245 2059
595,Mallorie,Normanell,mnormanellgi@epa.gov,Bigender,+62 589 876 8438
596,Alane,Wincom,awincomgj@huffingtonpost.com,Bigender,+53 694 591 8025
597,Spike,Shallcroff,sshallcroffgk@youku.com,Non-binary,+30 638 711 3708
598,Tatum,Palleske,tpalleskegl@ibm.com,Non-binary,+351 233 617 5665
599,Ethan,Poacher,epoachergm@odnoklassniki.ru,Agender,+62 190 331 9897
600,Alana,Goldspink,agoldspinkgn@nasa.gov,Female,+48 558 150 0850
601,Harland,Headland,hheadlandgo@patch.com,Genderqueer,+66 321 293 7031
602,Cristabel,Brecon,cbrecongp@nyu.edu,Non-binary,+86 916 244 7523
603,Alayne,Zannotti,azannottigq@tinypic.com,Female,+62 495 365 0483
604,Kent,Garrettson,kgarrettsongr@hubpages.com,Non-binary,+359 286 271 4963
605,Ambros,Ecles,aeclesgs@nsw.gov.au,Polygender,+48 759 735 7877
606,Thurstan,Challis,tchallisgt@sciencedirect.com,Genderfluid,+86 745 735 8794
607,Dal,Munton,dmuntongu@twitter.com,Male,+86 899 101 6566
608,Leroi,Luckie,lluckiegv@csmonitor.com,Genderfluid,+7 792 315 5966
609,Tiffanie,Wickman,twickmangw@bandcamp.com,Agender,+970 594 468 6670
610,Bella,Nimmo,bnimmogx@buzzfeed.com,Male,+62 395 883 7776
611,Brok,Tibbles,btibblesgy@vistaprint.com,Agender,+55 783 543 9777
612,Brockie,Gilphillan,bgilphillangz@geocities.com,Female,+234 159 721 9769
613,Karalee,Bonnette,kbonnetteh0@huffingtonpost.com,Polygender,+66 169 191 2439
614,Shalna,Giggs,sgiggsh1@zdnet.com,Genderqueer,+66 312 631 5415
615,Guss,Barcke,gbarckeh2@ucla.edu,Agender,+48 879 293 8814
616,Northrop,Feeny,nfeenyh3@i2i.jp,Male,+86 525 682 3638
617,Pat,Gore,pgoreh4@rambler.ru,Non-binary,+62 623 589 4719
618,Alida,Corben,acorbenh5@npr.org,Female,+7 357 452 4935
619,Granger,Eastgate,geastgateh6@wikimedia.org,Genderfluid,+62 790 939 7120
620,Natalina,Atwell,natwellh7@goodreads.com,Genderfluid,+93 189 755 0123
621,Antonino,Bisgrove,abisgroveh8@cocolog-nifty.com,Female,+81 968 332 5059
622,Wendell,Hasnney,whasnneyh9@blogspot.com,Genderfluid,+27 376 245 4770
623,Cart,Romaines,cromainesha@goo.ne.jp,Female,+244 305 176 5017
624,Alex,Aspall,aaspallhb@seattletimes.com,Female,+57 232 261 0248
625,Kai,Kyffin,kkyffinhc@t-online.de,Agender,+86 419 497 0466
626,Rosanna,Chamberlain,rchamberlainhd@webs.com,Non-binary,+62 772 801 0798
627,Ricki,Hounson,rhounsonhe@wikia.com,Bigender,+86 140 624 1892
628,Wait,Goodfield,wgoodfieldhf@godaddy.com,Bigender,+506 470 223 3435
629,Hillard,Lerwell,hlerwellhg@usatoday.com,Genderfluid,+351 595 383 5803
630,Dyanna,Crippen,dcrippenhh@topsy.com,Polygender,+55 864 227 9476
631,Brandea,Lefridge,blefridgehi@hugedomains.com,Agender,+420 382 773 7361
632,Doroteya,Willshaw,dwillshawhj@quantcast.com,Female,+86 155 495 8155
633,Geraldine,Degue,gdeguehk@youtu.be,Female,+351 741 549 7688
634,Nero,Maneylaws,nmaneylawshl@vinaora.com,Genderqueer,+62 593 912 1019
635,Durward,Fittall,dfittallhm@usda.gov,Male,+251 511 576 0696
636,Ashlen,Gilleson,agillesonhn@smugmug.com,Non-binary,+856 985 974 7832
637,Matias,Featherstone,mfeatherstoneho@themeforest.net,Female,+63 355 740 3989
638,Brinn,Gonnely,bgonnelyhp@sun.com,Non-binary,+963 209 540 2327
639,Pietra,Baversor,pbaversorhq@sourceforge.net,Genderfluid,+359 955 876 7050
640,Hedi,Nyland,hnylandhr@amazon.de,Genderfluid,+380 108 131 4334
641,Ezequiel,Grzelczak,egrzelczakhs@irs.gov,Female,+55 943 127 2986
642,Averil,Flowerdew,aflowerdewht@opensource.org,Genderqueer,+351 194 931 5863
643,Donaugh,Napolione,dnapolionehu@alibaba.com,Polygender,+98 495 578 4528
644,Bond,Lorent,blorenthv@ibm.com,Genderfluid,+7 975 195 3582
645,Allx,Millan,amillanhw@wordpress.com,Female,+86 901 621 5663
646,Goldarina,Riedel,griedelhx@skyrock.com,Genderqueer,+48 923 297 2972
647,Luella,Aimable,laimablehy@gov.uk,Non-binary,+86 860 135 8774
648,Kurt,Hannabus,khannabushz@free.fr,Bigender,+507 585 604 7988
649,Sarette,Tidman,stidmani0@vistaprint.com,Polygender,+86 613 720 5520
650,Hugibert,McCrystal,hmccrystali1@cbsnews.com,Non-binary,+420 683 260 4567
651,Lamar,Bugs,lbugsi2@typepad.com,Female,+33 502 161 5796
652,Lyndsey,Misselbrook,lmisselbrooki3@twitter.com,Male,+48 159 829 1506
653,Tommie,Gherardelli,tgherardellii4@stanford.edu,Female,+48 307 536 5328
654,Dasha,Point,dpointi5@unblog.fr,Genderqueer,+86 470 470 0892
655,Teodorico,Slee,tsleei6@mediafire.com,Genderqueer,+86 137 863 9933
656,Rogerio,Janas,rjanasi7@umich.edu,Genderqueer,+420 950 612 7493
657,Munroe,Mitton,mmittoni8@live.com,Non-binary,+53 839 101 2451
658,Isabelita,Perllman,iperllmani9@toplist.cz,Bigender,+598 119 225 7985
659,Arlee,O'Neal,aonealia@deliciousdays.com,Male,+54 417 729 0918
660,Florry,Hanson,fhansonib@issuu.com,Genderqueer,+420 930 917 2609
661,Dietrich,Cuddy,dcuddyic@so-net.ne.jp,Polygender,+351 959 850 0006
662,Rog,Smieton,rsmietonid@walmart.com,Polygender,+63 630 378 1645
663,Meredithe,Groombridge,mgroombridgeie@csmonitor.com,Non-binary,+52 613 250 2349
664,Dolly,de Pinna,ddepinnaif@java.com,Non-binary,+86 873 837 5698
665,Maynard,O'Dooghaine,modooghaineig@archive.org,Non-binary,+220 350 892 4577
666,Kimmi,Gerrey,kgerreyih@cam.ac.uk,Non-binary,+218 453 787 4208
667,Hamil,Gush,hgushii@nationalgeographic.com,Genderqueer,+54 648 325 5993
668,Kiersten,Storks,kstorksij@answers.com,Female,+86 198 870 9272
669,Trudey,Fawlkes,tfawlkesik@posterous.com,Genderfluid,+48 607 505 6698
670,Leonidas,Lowth,llowthil@prlog.org,Bigender,+381 362 346 3345
671,Niki,Zanetti,nzanettiim@bbb.org,Non-binary,+86 217 917 4993
672,Camilla,Leadston,cleadstonin@mtv.com,Male,+95 873 881 8250
673,Jeni,Preddle,jpreddleio@weibo.com,Polygender,+62 915 198 0507
674,Marris,Agett,magettip@tripod.com,Genderfluid,+254 370 604 2578
675,Mace,Ellicott,mellicottiq@addthis.com,Female,+380 825 255 6224
676,Tanya,Clutton,tcluttonir@toplist.cz,Male,+351 647 274 1356
677,Aldon,Dykes,adykesis@trellian.com,Polygender,+98 102 686 0508
678,Agathe,Wogden,awogdenit@google.co.jp,Non-binary,+81 477 193 2642
679,Darlleen,Ablitt,dablittiu@imdb.com,Genderfluid,+1 293 370 8736
680,Gigi,Stopher,gstopheriv@cloudflare.com,Bigender,+86 468 868 9472
681,Bianka,Thalmann,bthalmanniw@multiply.com,Agender,+7 425 699 1872
682,Rebekah,Gaiter,rgaiterix@cnet.com,Male,+48 368 826 5365
683,Ludovico,Hiscoke,lhiscokeiy@forbes.com,Genderqueer,+86 355 819 7508
684,Weidar,Almack,walmackiz@photobucket.com,Polygender,+62 155 617 0658
685,Robena,Creavin,rcreavinj0@auda.org.au,Non-binary,+86 855 722 1867
686,Rainer,Reany,rreanyj1@edublogs.org,Genderfluid,+93 362 272 5690
687,Madonna,Daley,mdaleyj2@upenn.edu,Male,+7 967 426 1965
688,Magda,Semechik,msemechikj3@foxnews.com,Genderfluid,+86 877 194 2827
689,Guido,Costen,gcostenj4@msu.edu,Female,+57 806 247 3218
690,Gianna,Ipwell,gipwellj5@etsy.com,Female,+7 487 581 9199
691,Morley,Bothe,mbothej6@noaa.gov,Non-binary,+62 705 460 4680
692,Jermain,Castaignet,jcastaignetj7@sfgate.com,Bigender,+420 807 612 7771
693,Niko,Pellitt,npellittj8@slashdot.org,Male,+81 637 259 4245
694,Irma,Peat,ipeatj9@hatena.ne.jp,Male,+86 777 370 0888
695,Hugo,Joan,hjoanja@godaddy.com,Female,+55 430 159 7634
696,Emyle,Leel,eleeljb@hostgator.com,Genderfluid,+7 771 848 1648
697,Shoshanna,Lidgerton,slidgertonjc@auda.org.au,Bigender,+689 871 238 0313
698,Harbert,Strudwick,hstrudwickjd@nbcnews.com,Agender,+595 718 340 2083
699,Dacia,Dowsey,ddowseyje@mapy.cz,Agender,+86 798 881 0421
700,Conroy,McGarel,cmcgareljf@e-recht24.de,Female,+63 485 396 5251
701,Geoffry,Walenta,gwalentajg@oaic.gov.au,Male,+236 220 496 7769
702,Maddi,Scown,mscownjh@businessweek.com,Bigender,+62 844 750 5174
703,Reinhard,Dunn,rdunnji@shinystat.com,Agender,+86 631 977 3839
704,Petronella,Nucciotti,pnucciottijj@globo.com,Non-binary,+7 501 486 6471
705,Desmund,Gamet,dgametjk@pen.io,Genderfluid,+7 747 564 3436
706,Chic,Kenwyn,ckenwynjl@nationalgeographic.com,Genderfluid,+66 957 808 1201
707,Vasily,Gounard,vgounardjm@netscape.com,Polygender,+46 638 189 7716
708,Jocelin,Barnett,jbarnettjn@goo.ne.jp,Male,+591 391 578 6110
709,Martie,Purdie,mpurdiejo@bluehost.com,Bigender,+63 584 435 2095
710,Parnell,Warmington,pwarmingtonjp@twitpic.com,Female,+353 958 487 5013
711,Ferne,Craigg,fcraiggjq@dyndns.org,Non-binary,+86 729 158 5385
712,Poul,Pinchon,ppinchonjr@go.com,Agender,+507 300 671 2811
713,Travers,Gauvin,tgauvinjs@ca.gov,Agender,+86 371 309 7912
714,Batholomew,Theze,bthezejt@guardian.co.uk,Male,+994 239 380 6263
715,Klaus,Camois,kcamoisju@europa.eu,Male,+81 871 740 7326
716,Yancey,Dessent,ydessentjv@un.org,Genderfluid,+64 736 401 2433
717,Sande,Drysdale,sdrysdalejw@google.it,Male,+86 652 793 2615
718,Kermie,Eddington,keddingtonjx@chronoengine.com,Polygender,+52 779 943 4992
719,Iormina,Mcimmie,imcimmiejy@guardian.co.uk,Genderqueer,+7 823 327 5037
720,Hansiain,Filtness,hfiltnessjz@weebly.com,Genderqueer,+66 721 443 9934
721,Car,Dutson,cdutsonk0@amazonaws.com,Agender,+420 610 109 3102
722,Darius,MacVicar,dmacvicark1@drupal.org,Female,+1 305 889 1140
723,Caril,Bullivant,cbullivantk2@goo.ne.jp,Bigender,+234 294 440 0528
724,Bartholomeus,Mathy,bmathyk3@reddit.com,Bigender,+62 196 192 2641
725,Benny,Valdes,bvaldesk4@weebly.com,Female,+20 168 829 4078
726,Katherina,Pressland,kpresslandk5@amazonaws.com,Polygender,+30 528 484 1609
727,Hillary,Monteith,hmonteithk6@about.com,Agender,+46 771 322 4156
728,Adair,McCowen,amccowenk7@blogspot.com,Bigender,+374 795 447 5261
729,Kiri,Gouldstone,kgouldstonek8@ow.ly,Genderfluid,+1 790 289 9812
730,Trumann,Mace,tmacek9@nsw.gov.au,Genderqueer,+235 932 935 4994
731,Sharai,Worts,swortska@4shared.com,Non-binary,+381 166 399 7866
732,Harmony,Ferreli,hferrelikb@buzzfeed.com,Female,+375 824 725 9212
733,Sheff,Becks,sbeckskc@telegraph.co.uk,Male,+1 100 785 1226
734,Stanly,Aizikowitz,saizikowitzkd@va.gov,Genderfluid,+62 243 294 8060
735,Barnebas,Fochs,bfochske@hud.gov,Agender,+1 682 823 3073
736,Hermina,Mougenel,hmougenelkf@howstuffworks.com,Genderqueer,+86 393 657 3033
737,Dulcea,Pol,dpolkg@hp.com,Female,+223 133 225 2152
738,Brit,Drohun,bdrohunkh@sciencedirect.com,Female,+30 644 842 6941
739,Fanchette,Lambol,flambolki@networksolutions.com,Non-binary,+63 234 981 7211
740,Susan,Kenderdine,skenderdinekj@washington.edu,Female,+48 552 158 2102
741,Romeo,Meers,rmeerskk@indiatimes.com,Bigender,+48 688 363 8656
742,Antony,Broome,abroomekl@ehow.com,Female,+374 821 822 1124
743,Currey,Sussans,csussanskm@pcworld.com,Genderfluid,+46 749 464 3712
744,Emelda,Sterrick,esterrickkn@walmart.com,Genderfluid,+62 443 784 9004
745,Lesli,Enoksson,lenokssonko@twitpic.com,Bigender,+358 194 517 0086
746,Bartholomeo,McQueen,bmcqueenkp@google.nl,Bigender,+237 940 179 0401
747,Nicky,Spearman,nspearmankq@sakura.ne.jp,Bigender,+86 221 561 6202
748,Marion,Ballintime,mballintimekr@icq.com,Non-binary,+48 464 386 0742
749,Winny,De Brett,wdebrettks@webs.com,Genderfluid,+66 353 656 8104
750,Constance,Caban,ccabankt@hugedomains.com,Genderqueer,+1 419 953 9056
751,Merwin,Deville,mdevilleku@bluehost.com,Polygender,+358 674 697 3013
752,Munmro,Marshal,mmarshalkv@zimbio.com,Agender,+86 435 408 7155
753,Angel,Worcs,aworcskw@eepurl.com,Male,+81 342 850 9816
754,Jesse,Jaquiss,jjaquisskx@histats.com,Female,+86 787 823 9704
755,Floyd,Keddle,fkeddleky@theatlantic.com,Genderfluid,+1 314 159 0107
756,Quincy,Sandyford,qsandyfordkz@naver.com,Genderfluid,+237 897 169 1084
757,Willis,Allison,wallisonl0@toplist.cz,Polygender,+380 699 677 7255
758,Eddy,Slayny,eslaynyl1@topsy.com,Agender,+86 886 408 8305
759,Harmony,Dumelow,hdumelowl2@hatena.ne.jp,Polygender,+30 209 395 2356
760,Clary,Newrick,cnewrickl3@accuweather.com,Genderqueer,+49 561 146 8068
761,Tucky,Kender,tkenderl4@sitemeter.com,Bigender,+670 338 473 3099
762,Siana,Selwyn,sselwynl5@foxnews.com,Male,+351 742 236 3034
763,Estella,Boosey,ebooseyl6@ovh.net,Genderqueer,+351 863 412 7845
764,Corrie,Sharply,csharplyl7@si.edu,Non-binary,+261 956 483 0170
765,Georgeanne,Verick,gverickl8@hibu.com,Polygender,+267 763 914 0348
766,Ardelis,Saffon,asaffonl9@blogger.com,Genderqueer,+63 805 226 2692
767,Bald,Borrell,bborrellla@ftc.gov,Agender,+86 138 958 2582
768,Friedrich,McOwen,fmcowenlb@nsw.gov.au,Agender,+967 818 208 6065
769,Cristal,Wilmot,cwilmotlc@slate.com,Genderfluid,+964 665 439 3451
770,Keelby,Soloway,ksolowayld@nhs.uk,Genderfluid,+380 642 131 5955
771,Valentina,Cockrem,vcockremle@telegraph.co.uk,Female,+62 718 684 8816
772,Alidia,Finch,afinchlf@msn.com,Non-binary,+86 271 560 9214
773,Boonie,Taffs,btaffslg@addtoany.com,Male,+420 630 294 7882
774,Missie,Ruffles,mruffleslh@mlb.com,Female,+86 805 874 2686
775,Nev,Melloi,nmelloili@indiatimes.com,Non-binary,+86 980 753 8091
776,Albertine,Copnall,acopnalllj@live.com,Male,+86 447 789 6116
777,Erl,D'Enrico,edenricolk@biglobe.ne.jp,Female,+86 346 817 4506
778,Fiann,Grieg,fgriegll@buzzfeed.com,Male,+86 909 860 9981
779,Moselle,Critcher,mcritcherlm@nps.gov,Polygender,+1 151 707 1669
780,Lenore,Decaze,ldecazeln@berkeley.edu,Male,+86 308 868 5092
781,Dani,Harvatt,dharvattlo@ask.com,Genderfluid,+63 797 978 1371
782,Clotilda,Buckleigh,cbuckleighlp@census.gov,Agender,+86 648 497 3901
783,Tasia,Schurig,tschuriglq@about.me,Polygender,+86 996 376 4813
784,Janek,Kyme,jkymelr@merriam-webster.com,Female,+63 503 141 2382
785,Porter,Pelosi,ppelosils@ustream.tv,Polygender,+7 375 572 3556
786,Johan,Goare,jgoarelt@geocities.jp,Agender,+670 672 558 3247
787,Odey,Poone,opoonelu@wiley.com,Bigender,+507 456 984 2052
788,Ryley,McTeague,rmcteaguelv@jigsy.com,Genderqueer,+86 473 794 1087
789,Tom,Grishunin,tgrishuninlw@si.edu,Agender,+62 191 121 3611
790,Chelsea,McOwan,cmcowanlx@freewebs.com,Male,+504 630 705 5588
791,Myca,Stubbeley,mstubbeleyly@vkontakte.ru,Polygender,+216 797 261 3615
792,Renate,Sparhawk,rsparhawklz@wikipedia.org,Genderqueer,+62 882 108 8160
793,Patin,Antonnikov,pantonnikovm0@cam.ac.uk,Male,+86 316 350 6180
794,Bennie,Domenge,bdomengem1@a8.net,Female,+46 536 434 9620
795,Delores,Kingswoode,dkingswoodem2@ca.gov,Female,+51 698 530 2350
796,Stormie,Pottberry,spottberrym3@diigo.com,Polygender,+63 204 987 2742
797,Leo,Aleevy,laleevym4@cafepress.com,Male,+62 376 104 3169
798,Elliot,Redihalgh,eredihalghm5@icio.us,Bigender,+57 172 643 0627
799,Hamlin,Nickolls,hnickollsm6@blog.com,Non-binary,+55 229 844 4315
800,Leonora,Varty,lvartym7@shareasale.com,Bigender,+92 969 970 1133
801,Petr,Dene,pdenem8@opensource.org,Genderfluid,+351 809 602 0138
802,Ruy,Hailey,rhaileym9@answers.com,Polygender,+374 807 169 6854
803,Albina,Dalgliesh,adalglieshma@domainmarket.com,Non-binary,+86 843 575 2757
804,Karin,Probert,kprobertmb@e-recht24.de,Polygender,+48 986 336 7940
805,Cullin,Ivashin,civashinmc@cyberchimps.com,Genderfluid,+48 397 954 6644
806,Nettie,Lawlan,nlawlanmd@clickbank.net,Non-binary,+86 313 711 6251
807,Clayson,Casado,ccasadome@seesaa.net,Polygender,+1 904 568 3346
808,Eli,Langton,elangtonmf@globo.com,Bigender,+86 246 651 6008
809,Persis,Saltsberg,psaltsbergmg@sogou.com,Agender,+86 365 942 8217
810,Torrin,Tames,ttamesmh@flavors.me,Genderqueer,+86 525 855 1902
811,Stacy,Hovell,shovellmi@ask.com,Polygender,+233 361 680 8157
812,Mallory,Jeans,mjeansmj@hp.com,Bigender,+380 420 435 5987
813,Farrand,Gerdes,fgerdesmk@youtu.be,Female,+62 903 671 4133
814,Agnese,Gutteridge,agutteridgeml@mediafire.com,Female,+62 679 148 5518
815,Pepe,Garrique,pgarriquemm@omniture.com,Male,+55 952 134 8906
816,Jenilee,Hammell,jhammellmn@cbslocal.com,Non-binary,+86 979 896 9011
817,Ross,Setford,rsetfordmo@dailymotion.com,Genderqueer,+66 103 543 9546
818,Zonnya,Corteis,zcorteismp@xing.com,Non-binary,+86 694 621 3686
819,Joan,Burge,jburgemq@thetimes.co.uk,Male,+86 922 680 0882
820,Timothea,O' Hogan,tohoganmr@yandex.ru,Female,+7 190 853 4276
821,Julissa,MacNess,jmacnessms@technorati.com,Male,+225 372 698 1852
822,Jourdan,Reilly,jreillymt@infoseek.co.jp,Female,+48 571 260 1374
823,Opalina,Muddle,omuddlemu@pagesperso-orange.fr,Genderqueer,+63 317 954 5273
824,Anissa,Rubery,aruberymv@bluehost.com,Genderfluid,+1 430 691 4318
825,Stefa,Stillman,sstillmanmw@ustream.tv,Non-binary,+48 813 841 9547
826,Camella,Hearnaman,chearnamanmx@discovery.com,Genderfluid,+55 151 805 1643
827,Yoshi,Haysey,yhayseymy@about.me,Genderqueer,+55 669 330 8138
828,Layton,Delicate,ldelicatemz@mapy.cz,Male,+351 294 274 9578
829,Becca,Style,bstylen0@auda.org.au,Male,+54 772 493 1666
830,Ellis,Bartusek,ebartusekn1@cnbc.com,Non-binary,+63 723 560 4463
831,Hildagarde,Eckels,heckelsn2@senate.gov,Female,+351 456 315 9844
832,Kain,Durrance,kdurrancen3@furl.net,Agender,+48 647 534 0425
833,Harlin,Dadswell,hdadswelln4@kickstarter.com,Agender,+86 507 351 4250
834,Keith,Chawner,kchawnern5@ftc.gov,Polygender,+227 863 856 3213
835,Rosemonde,Nance,rnancen6@admin.ch,Genderqueer,+63 709 967 7371
836,Penelopa,Streeton,pstreetonn7@intel.com,Genderqueer,+62 145 780 7536
837,Judith,Hoyer,jhoyern8@indiegogo.com,Polygender,+62 506 313 2906
838,Jorie,Tuplin,jtuplinn9@shutterfly.com,Agender,+86 482 120 7683
839,Hedda,Paulsen,hpaulsenna@nyu.edu,Non-binary,+691 314 298 9595
840,Seth,Reneke,srenekenb@tripod.com,Polygender,+62 228 959 2650
841,Alexio,Perigoe,aperigoenc@cpanel.net,Non-binary,+686 645 973 7843
842,Marcie,Danelut,mdanelutnd@vimeo.com,Non-binary,+62 434 353 5891
843,Nerty,Rubenovic,nrubenovicne@soup.io,Female,+33 828 271 9808
844,Darbee,Gofford,dgoffordnf@wikipedia.org,Male,+55 162 390 1326
845,Lindsey,Chadwick,lchadwickng@ca.gov,Bigender,+86 105 188 0094
846,Trevor,Piotrowski,tpiotrowskinh@google.co.uk,Female,+62 567 904 1165
847,Susann,Eppson,seppsonni@dailymail.co.uk,Male,+1 260 953 3833
848,Janene,Cotilard,jcotilardnj@chicagotribune.com,Bigender,+63 723 469 1822
849,Glenn,MacTrustie,gmactrustienk@mtv.com,Genderqueer,+66 786 492 0196
850,Jonell,Bulcock,jbulcocknl@reverbnation.com,Female,+34 525 728 0572
851,Freddi,Kondratowicz,fkondratowicznm@cyberchimps.com,Genderqueer,+86 101 932 3840
852,Janeta,Laidlow,jlaidlownn@digg.com,Agender,+62 652 268 8667
853,Byran,Ivanyushkin,bivanyushkinno@china.com.cn,Agender,+351 503 903 6076
854,Lilyan,Ivanchov,livanchovnp@google.fr,Genderqueer,+509 432 100 1432
855,Jenna,Albiston,jalbistonnq@apple.com,Agender,+1 696 815 0921
856,Shanda,Labdon,slabdonnr@canalblog.com,Genderqueer,+48 279 434 1647
857,Cary,Leather,cleatherns@printfriendly.com,Polygender,+33 489 566 0241
858,Helenelizabeth,Ricard,hricardnt@homestead.com,Genderqueer,+48 610 556 8553
859,Noah,Seedman,nseedmannu@ning.com,Agender,+231 236 452 0390
860,Nicolas,Yannoni,nyannoninv@marriott.com,Bigender,+55 413 841 7995
861,Rubin,O'Kinneally,rokinneallynw@chron.com,Female,+30 385 500 1767
862,Bernice,Cushion,bcushionnx@unc.edu,Polygender,+62 185 495 9192
863,Deni,Feakins,dfeakinsny@bluehost.com,Genderqueer,+62 781 198 6626
864,Sigismondo,Bebis,sbebisnz@cnn.com,Genderqueer,+86 542 720 0933
865,Kane,Buckney,kbuckneyo0@reddit.com,Agender,+48 516 201 3469
866,Jillane,Sutehall,jsutehallo1@etsy.com,Agender,+62 761 620 3130
867,Steffane,Figin,sfigino2@apache.org,Non-binary,+58 457 390 9384
868,Madelin,Castelin,mcastelino3@youtube.com,Male,+86 738 258 2377
869,Merrilee,Sullly,msulllyo4@hc360.com,Bigender,+86 446 831 8300
870,Harlen,Heinel,hheinelo5@pcworld.com,Male,+7 267 723 3382
871,Alvira,Corragan,acorragano6@uol.com.br,Male,+54 887 474 9856
872,Merrie,Munns,mmunnso7@comcast.net,Male,+381 315 219 5273
873,Jocelyne,Knivett,jknivetto8@dot.gov,Polygender,+1 405 532 7787
874,Curcio,Shannahan,cshannahano9@cpanel.net,Agender,+86 161 873 0532
875,Daren,Leversuch,dleversuchoa@oaic.gov.au,Female,+86 588 968 8322
876,Doralia,McGuffie,dmcguffieob@google.es,Female,+86 194 632 2459
877,Petronille,L'Amie,plamieoc@nba.com,Polygender,+7 969 946 9418
878,Louise,Burk,lburkod@163.com,Genderqueer,+55 681 632 3358
879,Olwen,Schruurs,oschruursoe@google.cn,Agender,+81 152 656 5382
880,Jessee,Haine,jhaineof@fastcompany.com,Male,+351 537 549 8767
881,Alecia,Aronovich,aaronovichog@dell.com,Genderqueer,+62 223 145 1638
882,Osgood,Pinard,opinardoh@patch.com,Male,+7 762 647 6460
883,Kaleena,Jordin,kjordinoi@pen.io,Genderqueer,+7 332 252 3156
884,Idaline,Weddeburn,iweddeburnoj@mediafire.com,Female,+33 579 137 3899
885,Gayle,Yewman,gyewmanok@google.nl,Female,+351 292 313 3294
886,Faith,Gaskill,fgaskillol@examiner.com,Genderqueer,+7 237 596 7682
887,Northrop,Allonby,nallonbyom@ebay.co.uk,Polygender,+1 775 949 5020
888,Diego,Turbat,dturbaton@addthis.com,Non-binary,+86 664 306 2431
889,Lilli,Cay,lcayoo@scribd.com,Female,+86 743 819 9684
890,Roi,Vero,rveroop@zimbio.com,Male,+86 663 245 9206
891,Durand,Hargreaves,dhargreavesoq@hp.com,Genderfluid,+63 321 968 5892
892,Benedicta,Sperrett,bsperrettor@prlog.org,Genderfluid,+86 304 207 0263
893,De witt,Gerard,dgerardos@java.com,Bigender,+86 958 561 4047
894,Hussein,Fuzzens,hfuzzensot@ebay.co.uk,Genderfluid,+86 366 202 3573
895,Theodora,Toward,ttowardou@nifty.com,Genderqueer,+81 954 172 2060
896,Beauregard,Axelby,baxelbyov@parallels.com,Polygender,+86 259 256 6481
897,Liva,Ivanchin,livanchinow@huffingtonpost.com,Genderqueer,+503 778 178 4232
898,Jacquenetta,Brinded,jbrindedox@blogs.com,Agender,+62 263 137 9329
899,Dorise,Feldman,dfeldmanoy@businesswire.com,Genderqueer,+7 958 967 9351
900,Courtnay,Lacy,clacyoz@facebook.com,Agender,+48 933 831 4137
901,Audra,Lidgard,alidgardp0@digg.com,Bigender,+502 173 775 5429
902,Karoline,Kleinerman,kkleinermanp1@usnews.com,Bigender,+972 417 160 5944
903,Georgie,Danielli,gdaniellip2@tripadvisor.com,Genderfluid,+86 106 279 2044
904,Yasmeen,Gillingwater,ygillingwaterp3@tmall.com,Genderfluid,+502 709 439 2719
905,Isador,Perritt,iperrittp4@yelp.com,Male,+86 576 506 6913
906,Giovanna,Aujean,gaujeanp5@fema.gov,Genderfluid,+55 837 333 7635
907,Dallas,Flancinbaum,dflancinbaump6@moonfruit.com,Agender,+86 785 547 6456
908,Brooke,Jovovic,bjovovicp7@constantcontact.com,Polygender,+7 660 720 6207
909,Rhetta,Karpfen,rkarpfenp8@cafepress.com,Genderqueer,+33 875 185 3940
910,Katinka,Pennington,kpenningtonp9@bloomberg.com,Bigender,+55 946 935 6413
911,Boycey,Kyndred,bkyndredpa@amazon.co.jp,Genderfluid,+507 658 136 8392
912,Idelle,Penley,ipenleypb@accuweather.com,Agender,+7 401 299 5822
913,Abner,MacNaughton,amacnaughtonpc@nydailynews.com,Genderqueer,+33 657 107 6831
914,Remy,Kensall,rkensallpd@quantcast.com,Non-binary,+351 459 623 9846
915,Katrinka,Redfield,kredfieldpe@mysql.com,Genderfluid,+86 817 381 6790
916,Rona,Woodburn,rwoodburnpf@sciencedaily.com,Genderqueer,+86 777 453 9245
917,Sherrie,Carwithim,scarwithimpg@sphinn.com,Non-binary,+7 198 689 2812
918,Mona,Schimoni,mschimoniph@miibeian.gov.cn,Male,+93 585 163 5821
919,Zechariah,Fedoronko,zfedoronkopi@google.com,Bigender,+86 377 193 9016
920,Mohandis,Gatteridge,mgatteridgepj@skyrock.com,Bigender,+86 855 860 6985
921,Emmy,Vasilechko,evasilechkopk@mit.edu,Agender,+86 334 838 7272
922,Rick,Mc Meekin,rmcmeekinpl@patch.com,Genderqueer,+962 449 475 5593
923,Jereme,Laughlan,jlaughlanpm@mac.com,Bigender,+86 549 246 3842
924,Wadsworth,Ambroz,wambrozpn@cornell.edu,Polygender,+48 982 917 1869
925,Kellie,Spurriar,kspurriarpo@freewebs.com,Agender,+62 197 133 2899
926,Shermy,Champkin,schampkinpp@bbc.co.uk,Male,+351 186 740 7075
927,Harlie,Thake,hthakepq@tripod.com,Genderfluid,+227 557 572 5938
928,Hebert,Tieman,htiemanpr@t-online.de,Agender,+86 601 994 9697
929,Ronnie,Carlo,rcarlops@goo.ne.jp,Male,+380 418 793 0805
930,Jan,Worthington,jworthingtonpt@mozilla.com,Polygender,+63 197 543 0727
931,Ashla,Clery,aclerypu@ifeng.com,Non-binary,+7 153 633 0852
932,Natala,Rodenborch,nrodenborchpv@merriam-webster.com,Polygender,+372 577 754 3900
933,Margie,Pantling,mpantlingpw@comcast.net,Non-binary,+86 420 248 5418
934,Nicolais,Mogenot,nmogenotpx@yahoo.co.jp,Agender,+82 999 435 1815
935,Bealle,McLagain,bmclagainpy@typepad.com,Genderfluid,+420 857 885 0585
936,Fay,Turland,fturlandpz@163.com,Genderqueer,+378 588 268 6642
937,Temp,Toppin,ttoppinq0@sfgate.com,Genderfluid,+7 584 199 8275
938,Harman,Segeswoeth,hsegeswoethq1@addtoany.com,Genderqueer,+49 203 613 6165
939,Nickie,Tiernan,ntiernanq2@cnbc.com,Genderqueer,+33 183 713 2155
940,Robin,Coleborn,rcolebornq3@scientificamerican.com,Agender,+30 430 910 3896
941,Guenevere,Menloe,gmenloeq4@zdnet.com,Male,+7 984 211 2898
942,Morna,Hannaway,mhannawayq5@sbwire.com,Genderfluid,+216 597 894 4301
943,Jamie,Du Fray,jdufrayq6@epa.gov,Female,+62 291 845 6798
944,Sibelle,Alenichicov,salenichicovq7@redcross.org,Genderqueer,+880 486 180 3232
945,Mendie,Maskelyne,mmaskelyneq8@purevolume.com,Male,+55 813 210 5749
946,Vina,Craister,vcraisterq9@behance.net,Non-binary,+48 499 414 8499
947,Worth,Walling,wwallingqa@adobe.com,Female,+86 247 607 5488
948,Auguste,Cannicott,acannicottqb@unicef.org,Non-binary,+7 322 704 2222
949,Cosimo,Byrde,cbyrdeqc@bigcartel.com,Bigender,+86 274 885 6470
950,Viviana,Adriani,vadrianiqd@parallels.com,Bigender,+504 377 334 3350
951,Thor,McBrearty,tmcbreartyqe@w3.org,Polygender,+387 924 453 9790
952,Shaina,Alwin,salwinqf@sina.com.cn,Female,+48 589 204 3258
953,Keefer,Crampton,kcramptonqg@va.gov,Genderqueer,+850 218 354 7258
954,Gabie,Perott,gperottqh@google.com.br,Male,+7 285 122 5677
955,Gwyneth,Heavyside,gheavysideqi@joomla.org,Genderqueer,+86 150 474 1353
956,Sibylla,Olechnowicz,solechnowiczqj@yolasite.com,Non-binary,+53 104 606 2828
957,Arturo,Stollwerk,astollwerkqk@etsy.com,Bigender,+66 152 354 3189
958,Fianna,Hawksby,fhawksbyql@netscape.com,Non-binary,+62 750 504 0094
959,Nevins,Sturridge,nsturridgeqm@economist.com,Female,+62 801 149 3487
960,Maxy,Yurygyn,myurygynqn@mashable.com,Bigender,+86 866 987 0951
961,Lemuel,Schwier,lschwierqo@uiuc.edu,Genderqueer,+1 312 941 5636
962,Clemmie,Featherstonhalgh,cfeatherstonhalghqp@unicef.org,Bigender,+1 865 929 1104
963,Evvy,Wickling,ewicklingqq@github.io,Polygender,+62 640 428 4498
964,Bordie,Kettlesing,bkettlesingqr@vistaprint.com,Agender,+55 406 534 5829
965,Sonny,Beven,sbevenqs@fc2.com,Agender,+86 394 702 2286
966,Allie,Egar,aegarqt@huffingtonpost.com,Genderfluid,+62 589 723 9931
967,Tuckie,Leehane,tleehanequ@cyberchimps.com,Agender,+62 252 609 3534
968,Desdemona,Soars,dsoarsqv@nih.gov,Agender,+62 940 295 4661
969,Erek,Easby,eeasbyqw@woothemes.com,Genderqueer,+33 338 308 2568
970,Goldy,Ivell,givellqx@istockphoto.com,Non-binary,+81 799 103 2635
971,Newton,Darte,ndarteqy@amazon.de,Bigender,+48 651 940 2913
972,Tomasina,Thacker,tthackerqz@themeforest.net,Female,+63 936 536 8269
973,Sarina,Rudland,srudlandr0@sciencedaily.com,Female,+63 668 964 8116
974,Leeanne,Poundsford,lpoundsfordr1@bloglovin.com,Male,+54 721 710 8093
975,Bathsheba,Monroe,bmonroer2@gov.uk,Polygender,+52 507 836 1745
976,Ario,Bastock,abastockr3@hp.com,Male,+54 369 579 5960
977,Lanie,Mc Caghan,lmccaghanr4@baidu.com,Genderfluid,+420 673 335 8743
978,Betta,Grimbaldeston,bgrimbaldestonr5@networksolutions.com,Bigender,+86 280 988 1079
979,Marsha,Jerzykiewicz,mjerzykiewiczr6@timesonline.co.uk,Female,+63 160 443 0970
980,Philippine,Skipworth,pskipworthr7@nytimes.com,Genderfluid,+86 757 980 5908
981,Linn,Schustl,lschustlr8@mapquest.com,Bigender,+54 225 887 9700
982,North,Adamson,nadamsonr9@cdbaby.com,Female,+52 195 300 1202
983,Sharity,de Lloyd,sdelloydra@mozilla.org,Bigender,+62 517 924 2672
984,Else,Poncet,eponcetrb@theglobeandmail.com,Genderfluid,+63 763 923 9658
985,Faydra,Harefoot,fharefootrc@1688.com,Genderfluid,+48 154 372 5004
986,Micheal,Philippeaux,mphilippeauxrd@liveinternet.ru,Female,+7 309 407 8608
987,Bevvy,Bavister,bbavisterre@umn.edu,Genderqueer,+374 847 130 3018
988,Gunar,Hantusch,ghantuschrf@drupal.org,Non-binary,+33 895 429 4398
989,Hartley,Adenet,hadenetrg@dailymotion.com,Polygender,+63 612 705 0078
990,Romola,Bloomer,rbloomerrh@quantcast.com,Genderfluid,+62 656 860 2740
991,Broddy,Feacham,bfeachamri@netlog.com,Polygender,+62 567 889 6151
992,Mickey,Buggs,mbuggsrj@icio.us,Female,+263 445 539 6795
993,Maynard,Callender,mcallenderrk@cdc.gov,Non-binary,+86 893 408 5681
994,Francesca,Longmate,flongmaterl@bing.com,Non-binary,+86 590 308 4584
995,Sybilla,Durnall,sdurnallrm@hatena.ne.jp,Bigender,+351 754 173 8841
996,Pammie,Harmour,pharmourrn@dropbox.com,Polygender,+389 724 493 1194
997,Rutherford,Erley,rerleyro@constantcontact.com,Female,+86 890 106 1182
998,Artur,Pentelo,apentelorp@latimes.com,Male,+86 422 553 0556
999,Seamus,Dorney,sdorneyrq@hatena.ne.jp,Male,+52 405 336 7885
1000,Torrey,Menloe,tmenloerr@oracle.com,Polygender,+48 280 867 6460
